employee_name,company_name,mobile_no,email
rajan,codales,7567377093,a@1.com
baba,codalsdg,7567377093,a@2.com
rajanf,codalsd,7567377093,a@3.com
rajanw,codalsg,7567377093,a@4.com
rajanv,codalsd,7567377093,a@5.com
raja,codalsd,7567377093,a@6.com
rajanq,codalsf,7567377093,a@7.com
rajansd,codalth,7567377093,a@8.com
rajandf,codaltfd,7567377093,a@9.com
rajaner,codalrg,7567377093,a@10.com
rajanfg,codaldgs,7567377093,a@11.com
rajanvd,codaldfg,7567377093,a@12.com
rajangh,codaldfg,7567377093,a@13.com
rajankf,codaldg,7567377093,a@14.com
rajangb,codalwesfg,7567377093,a@15.com
rajangn,codaldfgf,7567377093,a@16.com
rajanty,codaldfg,7567377093,a@17.com
rajantr,codaldf,7567377093,a@18.com
rajanyu,codalgfd,7567377093,a@19.com
rajanvm,codalfdg,7567377093,a@20.com
rajanfg,codalgd,7567377093,a@21.com
rajandfg,codaldf,7567377093,a@22.com
rajangh,codaldfg,7567377093,a@23.com
rajanfdh,codaladf,7567377093,a@24.com
rajandfg,codalfd,7567377093,a@25.com
rajanfg,codaldfg,7567377093,a@26.com
rajansfs,codaldfg,7567377093,a@27.com
rajansg,codaldf,7567377093,a@28.com
rajang,codaldfg,7567377093,a@29.com
rajansdg,sgcodal,7567377093,a@30.com
rajansg,codaldfg,7567377093,a@31.com
rajansgd,codaldfg,7567377093,a@32.com
rajansdggsa,codaldfg,7567377093,a@33.com
rajands,codaldfg,7567377093,a@34.com
rajansdg,codaldfgg,7567377093,a@35.com
rajanui,codaldfg,7567377093,a@36.com
rajanuyu,codalef,7567377093,a@37.com
rajanyui,codalefg,7567377093,a@38.com
